monthday,births,p
01-01,50,0.07352941176470588
01-11,70,0.10294117647058823
02-07,110,0.16176470588235295
05-14,60,0.08823529411764706
06-08,90,0.1323529411764706
07-02,220,0.3235294117647059
12-09,80,0.11764705882352941
