year,births,p
1990,70,0.10294117647058823
1992,60,0.08823529411764706
1996,180,0.2647058823529412
1998,230,0.3382352941176471
2000,50,0.07352941176470588
2003,90,0.1323529411764706
